<?xml version="1.0" encoding="UTF-8"?>
<project-private xmlns="http://www.netbeans.org/ns/project-private/1">
    <editor-bookmarks xmlns="http://www.netbeans.org/ns/editor-bookmarks/2" lastBookmarkId="0"/>
    <open-files xmlns="http://www.netbeans.org/ns/projectui-open-files/2">
        <group>
            <file>file:/F:/linh%20tinh/xxx/AssignmetSOF301_PS04353/ASM_PS04353/src/java/ControllerCartBean.java</file>
            <file>file:/F:/linh%20tinh/xxx/AssignmetSOF301_PS04353/ASM_PS04353/src/java/ControllerCustomers.java</file>
            <file>file:/F:/linh%20tinh/xxx/AssignmetSOF301_PS04353/ASM_PS04353/src/java/cart/CartBean.java</file>
            <file>file:/F:/linh%20tinh/xxx/AssignmetSOF301_PS04353/ASM_PS04353/src/java/ControllerProducts.java</file>
            <file>file:/F:/linh%20tinh/xxx/AssignmetSOF301_PS04353/ASM_PS04353/src/java/cart/ProductDTO.java</file>
        </group>
    </open-files>
</project-private>
